,smiles,log2mic
19,C[N+](C)(CCCCCCOC1=CC=C(/C([H])=C([H])/C2=CC=C(C=C2)OCCCCCC[N+](C)(CN(C)C)C)C=C1)CN(C)C,7.0
35,C[N+](C)(CCCCCCOC1=CC(/C([H])=C([H])/C2=CC(OCCCCCC[N+](C)(C)C)=CC(OCCCCCC[N+](C)(C)C)=C2)=CC(OCCCCCC[N+](C)(C)C)=C1)C,7.0
21,C[N+](C)(CCCCCCOC1=CC=C(/C([H])=C([H])/C2=CC=C(C=C2)OCCCCCC[N+](C)(CCN(C)C)C)C=C1)CCN(C)C,3.0
70,NCCC[N+](C)(CCCOC1=CC(/C([H])=C([H])/C2=CC=C(C=C2)/C([H])=C([H])/C3=CC(OCCC[N+](C)(CCCN)C)=CC(OCCC[N+](C)(CCCN)C)=C3)=CC(OCCC[N+](C)(CCCN)C)=C1)C,5.0
52,C[N+](C)(CCCOC1=CC(OCCC[N+](C)(C)C)=CC(/C([H])=C([H])/C2=CC=C(C=C2)/C([H])=C([H])/C3=CC(OCCC[N+](C)(C)C)=CC(OCCC[N+](C)(C)C)=C3)=C1)C,6.0
88,CCCC[N+](C)(CCCCOC1=CC(OCCCC[N+](C)(CCOCCOCCOC)CCCC)=CC(/C([H])=C([H])/C2=CC=C(C=C2)/C([H])=C([H])/C3=CC(OCCCC[N+](C)(CCOCCOCCOC)CCCC)=CC(OCCCC[N+](C)(CCOCCOCCOC)CCCC)=C3)=C1)CCOCCOCCOC,7.0
112,C[N+](C)(CCCCCCOC1=CC(/C([H])=C([H])/C2=CC=C(C=C2)OCCCCCC[N+](C)(C)CCN(C)C)=CC(OCCCCCC[N+](C)(C)CCN(C)C)=C1)CCN(C)C,4.0
58,C[N+]12CC[N+](CCCOC3=CC(OCCC[N+]45CC[N+](C)(CC5)CC4)=CC(/C([H])=C([H])/C6=CC=C(C=C6)/C([H])=C([H])/C7=CC(OCCC[N+]89CC[N+](C)(CC9)CC8)=CC(OCCC[N+]%10%11CC[N+](C)(CC%11)CC%10)=C7)=C3)(CC2)CC1,8.0
26,C[N+](C)(CCCCCCCCOC1=CC=C(/C([H])=C([H])/C2=CC=C(C=C2)OCCCCCCCC[N+](C)(CCN(C)C)C)C=C1)CCN(C)C,3.0
46,C[N+](C)(CCOC1=CC(OCC[N+](C)(C)C)=CC(/C([H])=C([H])/C2=CC=C(C=C2)/C([H])=C([H])/C3=CC(OCC[N+](C)(C)C)=CC(OCC[N+](C)(C)C)=C3)=C1)C,7.0
85,C[N+](C)(CCCCOC1=CC(OCCCC[N+](C)(CCCC(C)C)C)=CC(/C([H])=C([H])/C2=CC=C(C=C2)/C([H])=C([H])/C3=CC(OCCCC[N+](C)(CCCC(C)C)C)=CC(OCCCC[N+](C)(CCCC(C)C)C)=C3)=C1)CCCC(C)C,2.0
27,C[N+](C)(CCCCOC1=CC=C(/C([H])=C([H])/C2=CC=C(/C([H])=C([H])/C3=CC=C(C=C3)OCCCC[N+](C)(C)C)C=C2)C=C1)C,5.0
114,C[N+](C)(CCCCCCOC1=CC(/C([H])=C([H])/C2=CC=C(C=C2)OCCCCCC[N+](C)(C)C)=CC(OCCCCCC[N+](C)(C)C)=C1)C,7.0
50,CCC(NCCCOC1=CC(OCCCNC(CC)CC)=CC(/C([H])=C([H])/C2=CC=C(C=C2)/C([H])=C([H])/C3=CC(OCCCNC(CC)CC)=CC(OCCCNC(CC)CC)=C3)=C1)CC,2.0
86,CC(CC[N+](C)(CCCCOC1=CC(OCCCC[N+](C)(CCC(C)C)C)=CC(/C([H])=C([H])/C2=CC=C(C=C2)/C([H])=C([H])/C3=CC(OCCCC[N+](C)(CCC(C)C)C)=CC(OCCCC[N+](C)(CCC(C)C)C)=C3)=C1)C)C,2.0
110,C[N+](C)(CCCCOC1=CC(/C([H])=C([H])/C2=CC=C(C=C2)OCCCC[N+](C)(CCCCCC)C)=CC(OCCCC[N+](C)(C)CCCCCC)=C1)CCCCCC,1.0
55,C[N+](CCCC)(CCCOC1=CC(OCCC[N+](CCCC)(C)C)=CC(/C([H])=C([H])/C2=CC=C(C=C2)/C([H])=C([H])/C3=CC(OCCC[N+](CCCC)(C)C)=CC(OCCC[N+](CCCC)(C)C)=C3)=C1)C,2.0
99,C[N+](C)(CCCCCCN(C1=CC=C(/C([H])=C([H])/C2=CC=C(/C([H])=C([H])/C3=CC=C(/C([H])=C([H])/C4=CC=C(C=C4)N(CCCCCC[N+](C)(C)C)CCCCCC[N+](C)(C)C)C=C3)C=C2)C=C1)CCCCCC[N+](C)(C)C)C,8.0
16,C[N+](C)(CCCCCCCCOC1=CC=C(C=C1)/C([H])=C([H])/C2=CC=C(C=C2)OCCCCCCCC[N+](C)(C)C)C,2.0
17,C[N+](C)(CCCCOC1=CC=C(/C([H])=C([H])/C2=CC=C(C=C2)OCCCC[N+](C)(CC[N+](C)(C)C)C)C=C1)CC[N+](C)(C)C,5.0
8,C[N+](CCN(C)C)(C)CCCCCCCCOC(C=C1)=CC=C1/N=N/C2=CC=C(OCCCCCCCC[N+](C)(C)CCN(C)C)C=C2,2.0
94,C[N+]1(CCCCOC2=CC(OCCCC[N+]3(CCCCC3)C)=CC(/C([H])=C([H])/C4=CC=C(C=C4)/C([H])=C([H])/C5=CC(OCCCC[N+]6(CCCCC6)C)=CC(OCCCC[N+]7(CCCCC7)C)=C5)=C2)CCCCC1,2.0
25,C[N+](C)(CCCCCCCCOC1=CC=C(/C([H])=C([H])/C2=CC=C(C=C2)OCCCCCCCC[N+](C)(CC[N+](C)(C)C)C)C=C1)CC[N+](C)(C)C,5.0
89,CCCC[N+](C)(CCCCOC1=CC(OCCCC[N+](C)(CCOCCOCCOCCOC)CCCC)=CC(/C([H])=C([H])/C2=CC=C(C=C2)/C([H])=C([H])/C3=CC(OCCCC[N+](C)(CCOCCOCCOCCOC)CCCC)=CC(OCCCC[N+](C)(CCOCCOCCOCCOC)CCCC)=C3)=C1)CCOCCOCCOCCOC,8.0
127,[H]/C(C1=CC=C(C=C1)OCCCCCC[N+]2=CN(CC)C=C2)=C(C3=CC=C(C=C3)OCCCCCC[N+]4=CN(CC)C=C4)/[H],3.0
45,C[N+](C)(CCCCCCOC1=CC(/C([H])=C([H])/C2=CC=C(/C([H])=C([H])/C3=CC(OCCCCCC[N+](C)(C)C)=C(C(OCCCCCC[N+](C)(C)C)=C3)OCCCCCC[N+](C)(C)C)C=C2)=CC(OCCCCCC[N+](C)(C)C)=C1OCCCCCC[N+](C)(C)C)C,3.0
63,C[N+](CC)(CCCOC1=CC(OCCC[N+](CC)(C)C)=CC(/C([H])=C([H])/C2=CC=C(C=C2)/C([H])=C([H])/C3=CC(OCCC[N+](CC)(C)C)=CC(OCCC[N+](CC)(C)C)=C3)=C1)C,5.0
82,NC(NCCCCOC1=CC(OCCCCNC(N)=N)=CC(/C([H])=C([H])/C2=CC=C(C=C2)/C([H])=C([H])/C3=CC(OCCCCNC(N)=N)=CC(OCCCCNC(N)=N)=C3)=C1)=N,5.0
15,CCN(CC[N+](CC)(CCCCCCOC1=CC=C(C=C1)/C([H])=C([H])/C2=CC=C(C=C2)OCCCCCC[N+](CC)(CCN(CC)CC)CC)CC)CC,2.0
91,C[N+](CCCCCC)(CCCCOC1=CC(OCCCC[N+](C)(CCOCCOCCOC)CCCCCC)=CC(/C([H])=C([H])/C2=CC=C(C=C2)/C([H])=C([H])/C3=CC(OCCCC[N+](C)(CCOCCOCCOC)CCCCCC)=CC(OCCCC[N+](C)(CCOCCOCCOC)CCCCCC)=C3)=C1)CCOCCOCCOC,4.0
62,CCC[N+](C)(CCCOC1=CC(OCCC[N+](C)(CCC)CCC)=CC(/C([H])=C([H])/C2=CC=C(C=C2)/C([H])=C([H])/C3=CC(OCCC[N+](C)(CCC)CCC)=CC(OCCC[N+](C)(CCC)CCC)=C3)=C1)CCC,1.0
28,C[N+](C)(CCCCCCOC1=CC=C(C=C1)/C([H])=C([H])/C2=CC=C(C=C2)/C([H])=C([H])/C3=CC=C(C=C3)OCCCCCC[N+](C)(C)C)C,5.0
75,CCC[N+](CCC)(CCCOC1=CC(OCCC[N+](CCC)(CCC)CCC)=CC(/C([H])=C([H])/C2=CC=C(C=C2)/C([H])=C([H])/C3=CC(OCCC[N+](CCC)(CCC)CCC)=CC(OCCC[N+](CCC)(CCC)CCC)=C3)=C1)CCC,6.0
3,CCN(C=C1)C=[N+]1CCCCCCCCOC(C=C2)=CC=C2/N=N/C3=CC=C(OCCCCCCCC[N+]4=CN(CC)C=C4)C=C3,0.0
77,C[N+](C)(CCCCOC1=CC(OCCCC[N+](C)(CC[N+](C)(CCCCCC)C)C)=CC(/C([H])=C([H])/C2=CC=C(C=C2)/C([H])=C([H])/C3=CC(OCCCC[N+](C)(CC[N+](C)(CCCCCC)C)C)=CC(OCCCC[N+](C)(CC[N+](C)(CCCCCC)C)C)=C3)=C1)CC[N+](C)(CCCCCC)C,3.0
29,C[N+](C)(CCCCOC1=CC=C(C=C1)/C([H])=C([H])/C2=CC=C(C=C2)/C([H])=C([H])/C3=CC=C(C=C3)OCCCC[N+](C)(CC[N+](C)(C)C)C)CC[N+](C)(C)C,4.0
119,C[N+](CC(NCCCCCC)=O)(CCCOC1=CC(/C([H])=C([H])/C2=CC=C(/C([H])=C([H])/C3=CC(OCCC[N+](CC(NCCCCCC)=O)(C)C)=CC(OCCC[N+](CC(NCCCCCC)=O)(C)C)=C3)C=C2)=CC(OCCC[N+](CC(NCCCCCC)=O)(C)C)=C1)C,4.0
106,C[N+](CCN(C)C)(C)CCCCCCOC(C=C1)=CC=C1/C([H])=C([H])/C2=CC=C(OCCCCCC[N+](C)(C)CCN(C)C)C=C2,3.0
98,C[N+](C)(CCCCCCN(C1=CC=C(/C([H])=C([H])/C2=CC=C(/C([H])=C([H])/C3=CC=C(C=C3)N(CCCCCC[N+](C)(C)C)CCCCCC[N+](C)(C)C)C=C2)C=C1)CCCCCC[N+](C)(C)C)C,6.0
80,CCCC[N+](C)(CCCCOC1=CC(OCCCC[N+](C)(CCCC)C)=CC(/C([H])=C([H])/C2=CC=C(C=C2)/C([H])=C([H])/C3=CC(OCCCC[N+](C)(CCCC)C)=CC(OCCCC[N+](C)(CCCC)C)=C3)=C1)C,2.0
40,CC(CC[N+](C)(CCCCCCOC1=CC(/C([H])=C([H])/C2=CC(OCCCCCC[N+](C)(CCC(C)C)C)=CC(OCCCCCC[N+](C)(CCC(C)C)C)=C2)=CC(OCCCCCC[N+](C)(CCC(C)C)C)=C1)C)C,2.0
124,CCCCCC[N+](C)(C)CCCCOC1=CC=C(/C([H])=C(C2=CC=C(C=C2)OCCCC[N+](C)(C)CCCCCC)\[H])C=C1,0.0
59,C[N+](CCCC)(CCCOC1=CC(OCCC[N+](C)(CCCC)CCCC)=CC(/C([H])=C([H])/C2=CC=C(C=C2)/C([H])=C([H])/C3=CC(OCCC[N+](C)(CCCC)CCCC)=CC(OCCC[N+](C)(CCCC)CCCC)=C3)=C1)CCCC,3.0
97,C[N+](C)(CCCCCCOC1=CC(OCCCCCC[N+](C)(C)C)=CC(/C([H])=C([H])/C2=CC=C(C=C2)/C([H])=C([H])/C3=CC=C(C=C3)/C([H])=C([H])/C4=CC(OCCCCCC[N+](C)(C)C)=CC(OCCCCCC[N+](C)(C)C)=C4)=C1)C,9.0
125,CCCCCC[N+](C)(C)CCCCOC1=CC=C(/N=N/C2=CC=C(C=C2)OCCCC[N+](C)(C)CCCCCC)C=C1,1.0
113,C[N+](C)(CCCCCCOC1=CC(/C([H])=C([H])/C2=CC=C(C=C2)OCCCCCC[N+](C)(C)CCCCCC)=CC(OCCCCCC[N+](C)(C)CCCCCC)=C1)CCCCCC,1.0
38,CCCCCC[N+](C)(CCCCCCOC1=CC(/C([H])=C([H])/C2=CC(OCCCCCC[N+](C)(CCCCCC)C)=CC(OCCCCCC[N+](C)(CCCCCC)C)=C2)=CC(OCCCCCC[N+](C)(CCCCCC)C)=C1)C,2.0
20,C[N+](C)(CCCCCCOC1=CC=C(/C([H])=C([H])/C2=CC=C(C=C2)OCCCCCC[N+](C)(CC[N+](C)(C)C)C)C=C1)CC[N+](C)(C)C,4.0
129,C[N+](C=C1)=CC=C1/C([H])=C([H])/C2=CC=C(/C([H])=C([H])/C3=CC=C(C=C3)OCCCCCC[N+](C)(C)C)C=C2,6.0
47,C[N+](CCCC)(CCOC1=CC(OCC[N+](CCCC)(C)C)=CC(/C([H])=C([H])/C2=CC=C(C=C2)/C([H])=C([H])/C3=CC(OCC[N+](CCCC)(C)C)=CC(OCC[N+](CCCC)(C)C)=C3)=C1)C,2.0
92,C[N+](CCCCCC)(CCCCOC1=CC(OCCCC[N+](C)(CCOCCOCCOCCOC)CCCCCC)=CC(/C([H])=C([H])/C2=CC=C(C=C2)/C([H])=C([H])/C3=CC(OCCCC[N+](C)(CCOCCOCCOCCOC)CCCCCC)=CC(OCCCC[N+](C)(CCOCCOCCOCCOC)CCCCCC)=C3)=C1)CCOCCOCCOCCOC,6.0
39,CC(CCC[N+](C)(CCCCCCOC1=CC(/C([H])=C([H])/C2=CC(OCCCCCC[N+](C)(CCCC(C)C)C)=CC(OCCCCCC[N+](C)(CCCC(C)C)C)=C2)=CC(OCCCCCC[N+](C)(CCCC(C)C)C)=C1)C)C,2.0
111,C[N+](C)(CCCCOC1=CC(/C([H])=C([H])/C2=CC=C(C=C2)OCCCC[N+](C)(C)C)=CC(OCCCC[N+](C)(C)C)=C1)C,7.0
68,[H]/C(C1=CC(OCCCN2CCNCC2)=CC(OCCCN3CCNCC3)=C1)=C([H])\C(C=C4)=CC=C4/C([H])=C([H])/C5=CC(OCCCN6CCNCC6)=CC(OCCCN7CCNCC7)=C5,3.0
81,CC[N+](C)(CCCCOC1=CC(OCCCC[N+](C)(CC)C)=CC(/C([H])=C([H])/C2=CC=C(C=C2)/C([H])=C([H])/C3=CC(OCCCC[N+](C)(CC)C)=CC(OCCCC[N+](C)(CC)C)=C3)=C1)C,4.0
44,C[N+](C)(CCCCCCOC1=CC(/C([H])=C([H])/C2=CC=C(/C([H])=C([H])/C3=CC=CC=C3)C=C2)=CC(OCCCCCC[N+](C)(C)C)=C1OCCCCCC[N+](C)(C)C)C,4.0
53,CCCCN(CCCOC1=CC(OCCCN(CCCC)C)=CC(/C([H])=C([H])/C2=CC=C(C=C2)/C([H])=C([H])/C3=CC(OCCCN(CCCC)C)=CC(OCCCN(CCCC)C)=C3)=C1)C,4.0
95,CCC[N+](C)(CCCCOC1=CC(OCCCC[N+](C)(CCC)C)=CC(/C([H])=C([H])/C2=CC=C(C=C2)/C([H])=C([H])/C3=CC(OCCCC[N+](C)(CCC)C)=CC(OCCCC[N+](C)(CCC)C)=C3)=C1)C,3.0
87,COCCOCC[N+](C)(CCCCOC1=CC(OCCCC[N+](C)(CCOCCOC)CCCC)=CC(/C([H])=C([H])/C2=CC=C(C=C2)/C([H])=C([H])/C3=CC(OCCCC[N+](C)(CCOCCOC)CCCC)=CC(OCCCC[N+](C)(CCOCCOC)CCCC)=C3)=C1)CCCC,5.0
66,C[N+]1(CCCOC2=CC(OCCC[N+]3(CCOCC3)C)=CC(/C([H])=C([H])/C4=CC=C(C=C4)/C([H])=C([H])/C5=CC(OCCC[N+]6(CCOCC6)C)=CC(OCCC[N+]7(CCOCC7)C)=C5)=C2)CCOCC1,5.0
118,C[N+](CC(NCCC)=O)(CCCOC1=CC(/C([H])=C([H])/C2=CC=C(/C([H])=C([H])/C3=CC(OCCC[N+](CC(NCCC)=O)(C)C)=CC(OCCC[N+](CC(NCCC)=O)(C)C)=C3)C=C2)=CC(OCCC[N+](CC(NCCC)=O)(C)C)=C1)C,1.0
49,C[N+](CCCCCC)(CCOC1=CC(OCC[N+](CCCCCC)(C)C)=CC(/C([H])=C([H])/C2=CC=C(C=C2)/C([H])=C([H])/C3=CC(OCC[N+](CCCCCC)(C)C)=CC(OCC[N+](CCCCCC)(C)C)=C3)=C1)C,2.0
107,C[N+](CCN(C)C)(C)CCCCCCCCOC(C=C1)=CC=C1/C([H])=C([H])/C2=CC=C(OCCCCCCCC[N+](C)(C)CCN(C)C)C=C2,3.0
123,C[N+](C)(CCCCCCOC1=CC=C(/C([H])=C(C2=CC=C(C=C2)OCCCCCC[N+](C)(CCCCCC)C)\[H])C=C1)CCCCCC,1.0
67,CCCN1C=C[N+](CCCOC2=CC(OCCC[N+]3=CN(C=C3)CCC)=CC(/C([H])=C([H])/C4=CC=C(C=C4)/C([H])=C([H])/C5=CC(OCCC[N+]6=CN(C=C6)CCC)=CC(OCCC[N+]7=CN(C=C7)CCC)=C5)=C2)=C1,1.0
7,C[N+](CCN(C)C)(C)CCCCCCCOC(C=C1)=CC=C1/N=N/C2=CC=C(OCCCCCCC[N+](C)(C)CCN(C)C)C=C2,3.0
24,C[N+](C)(CCCCCCOC1=CC=C(/C([H])=C([H])/C2=CC=C(C=C2)OCCCCCC[N+](C)(CCCCN(C)C)C)C=C1)CCCCN(C)C,2.0
135,C[N+](CCCCCCCCOC1=CC=C(C=C1)/N=N/C2=CC=C(OCCCCCCCC[N+](CC[N+](C)(C)C)(C)C)C=C2)(CC[N+](C)(C)C)C,2.0
60,CC[N+](C)(CCCOC1=CC(OCCC[N+](C)(CC)CC)=CC(/C([H])=C([H])/C2=CC=C(C=C2)/C([H])=C([H])/C3=CC(OCCC[N+](C)(CC)CC)=CC(OCCC[N+](C)(CC)CC)=C3)=C1)CC,3.0
13,C[N+](C)(CCCCCCOC1=CC=C(/C([H])=C([H])/C2=CC=C(C=C2)OCCCCCC[N+](C)(C)C)C=C1)C,4.0
116,CCCCNCCCOC1=CC(OCCCNCCCC)=CC(/C([H])=C([H])/C2=NC=C(/C([H])=C([H])/C3=CC(OCCCNCCCC)=CC(OCCCNCCCC)=C3)N=C2)=C1,3.0
22,C[N+](C)(CCCCCCOC1=CC=C(/C([H])=C([H])/C2=CC=C(C=C2)OCCCCCC[N+](C)(CCCN(C)C)C)C=C1)CCCN(C)C,3.0
30,C[N+](C)(CCCCOC1=CC=C(C=C1)/C([H])=C([H])/C2=CC=C(C=C2)/C([H])=C([H])/C3=CC=C(C=C3)OCCCC[N+](C)(CCN(C)C)C)CCN(C)C,3.0
65,C[N+](CCCCCC)(CCCOC1=CC(OCCC[N+](CCCCCC)(C)C)=CC(/C([H])=C([H])/C2=CC=C(C=C2)/C([H])=C([H])/C3=CC(OCCC[N+](CCCCCC)(C)C)=CC(OCCC[N+](CCCCCC)(C)C)=C3)=C1)C,3.0
4,CN(C=C1)C(C)=[N+]1CCCCCCCCOC(C=C2)=CC=C2/N=N/C3=CC=C(OCCCCCCCC[N+]4=C(C)N(C)C=C4)C=C3,1.0
41,CCCCC[N+](C)(CCCCCCOC1=CC(/C([H])=C([H])/C2=CC(OCCCCCC[N+](C)(CCCCC)C)=CC(OCCCCCC[N+](C)(CCCCC)C)=C2)=CC(OCCCCCC[N+](C)(CCCCC)C)=C1)C,2.0
14,C[NH2+]CCCCCCOC1=CC=C(C=C1)/C([H])=C([H])/C2=CC=C(C=C2)OCCCCCC[NH2+]C,9.0
18,C[N+](C)(CCCCOC1=CC=C(/C([H])=C([H])/C2=CC=C(C=C2)OCCCC[N+](C)(CCN(C)C)C)C=C1)CCN(C)C,3.0
