,smiles,log2mic
71,C[N+](CCCO)(CCCOC1=CC(OCCC[N+](CCCO)(C)C)=CC(/C([H])=C([H])/C2=CC=C(C=C2)/C([H])=C([H])/C3=CC(OCCC[N+](CCCO)(C)C)=CC(OCCC[N+](CCCO)(C)C)=C3)=C1)C,7.0
73,CCN(CC[N+](CC)(CCCOC1=CC(OCCC[N+](CC)(CC)CCN(CC)CC)=CC(/C([H])=C([H])/C2=CC=C(/C([H])=C([H])/C3=CC(OCCC[N+](CC)(CC)CCN(CC)CC)=CC(OCCC[N+](CC)(CC)CCN(CC)CC)=C3)C=C2)=C1)CC)CC,3.0
100,C[N+](C)(C)CCCCCCCOC1=CC=C(/N=N/C2=CC=C(OCCCCCCC[N+](C)(C)C)C=C2)C=C1,2.0
101,C[N+](C)(CCCCCCOC1=CC=C(/C([H])=C([H])/C2=CC=C(C=C2)OCCCCCC[N+](C)(CCO)C)C=C1)CCO,4.0
121,C[N+](CCCCCC)(C)CCCCCCOC1=C(OCCCCCC[N+](C)(CCCCCC)C)C(OCCCCCC[N+](C)(C)CCCCCC)=CC(/C([H])=C([H])/C(C=C2)=CC=C2/C([H])=C([H])/C3=CC(OCCCCCC[N+](C)(C)CCCCCC)=C(OCCCCCC[N+](C)(C)CCCCCC)C(OCCCCCC[N+](C)(C)CCCCCC)=C3)=C1,2.0
122,[H]/C(C1=CC=C(/C([H])=C([H])/C2=CC(OCCCCCC[N+]3=C(C)N(C=C3)C)=C(OCCCCCC[N+]4=C(C)N(C=C4)C)C(OCCCCCC[N+]5=C(C)N(C=C5)C)=C2)C=C1)=C([H])\C6=CC(OCCCCCC[N+]7=C(C)N(C=C7)C)=C(OCCCCCC[N+]8=C(C)N(C=C8)C)C(OCCCCCC[N+]9=C(C)N(C=C9)C)=C6,5.0
136,C[N+](CCCOC1=CC(/C([H])=C(C2=CC=C(C=C2)/C([H])=C(C3=CC(OCCC[N+](C)(C)CC(NC)=O)=CC(OCCC[N+](C)(C)CC(NC)=O)=C3)\[H])\[H])=CC(OCCC[N+](C)(C)CC(NC)=O)=C1)(C)CC(NC)=O,4.0
