,smiles,log2mic,pred_log2mic,error,predclass,relerror
19,C[N+](C)(CCCCCCOC1=CC=C(/C([H])=C([H])/C2=CC=C(C=C2)OCCCCCC[N+](C)(CN(C)C)C)C=C1)CN(C)C,7,5.8771186440678,-1.1228813559322,,-0.160411622276029
35,C[N+](C)(CCCCCCOC1=CC(/C([H])=C([H])/C2=CC(OCCCCCC[N+](C)(C)C)=CC(OCCCCCC[N+](C)(C)C)=C2)=CC(OCCCCCC[N+](C)(C)C)=C1)C,7,5.98728813559322,-1.01271186440678,,-0.144673123486683
21,C[N+](C)(CCCCCCOC1=CC=C(/C([H])=C([H])/C2=CC=C(C=C2)OCCCCCC[N+](C)(CCN(C)C)C)C=C1)CCN(C)C,3,3.0593220338983,0.059322033898305,,0.019774011299435
70,NCCC[N+](C)(CCCOC1=CC(/C([H])=C([H])/C2=CC=C(C=C2)/C([H])=C([H])/C3=CC(OCCC[N+](C)(CCCN)C)=CC(OCCC[N+](C)(CCCN)C)=C3)=CC(OCCC[N+](C)(CCCN)C)=C1)C,5,4.53813559322034,-0.461864406779661,,-0.092372881355932
52,C[N+](C)(CCCOC1=CC(OCCC[N+](C)(C)C)=CC(/C([H])=C([H])/C2=CC=C(C=C2)/C([H])=C([H])/C3=CC(OCCC[N+](C)(C)C)=CC(OCCC[N+](C)(C)C)=C3)=C1)C,6,5.92372881355932,-0.076271186440678,,-0.01271186440678
88,CCCC[N+](C)(CCCCOC1=CC(OCCCC[N+](C)(CCOCCOCCOC)CCCC)=CC(/C([H])=C([H])/C2=CC=C(C=C2)/C([H])=C([H])/C3=CC(OCCCC[N+](C)(CCOCCOCCOC)CCCC)=CC(OCCCC[N+](C)(CCOCCOCCOC)CCCC)=C3)=C1)CCOCCOCCOC,7,6.3771186440678,-0.622881355932203,,-0.088983050847458
112,C[N+](C)(CCCCCCOC1=CC(/C([H])=C([H])/C2=CC=C(C=C2)OCCCCCC[N+](C)(C)CCN(C)C)=CC(OCCCCCC[N+](C)(C)CCN(C)C)=C1)CCN(C)C,4,3.73305084745763,-0.266949152542373,,-0.066737288135593
58,C[N+]12CC[N+](CCCOC3=CC(OCCC[N+]45CC[N+](C)(CC5)CC4)=CC(/C([H])=C([H])/C6=CC=C(C=C6)/C([H])=C([H])/C7=CC(OCCC[N+]89CC[N+](C)(CC9)CC8)=CC(OCCC[N+]%10%11CC[N+](C)(CC%11)CC%10)=C7)=C3)(CC2)CC1,8,6.46186440677966,-1.53813559322034,,-0.192266949152542
26,C[N+](C)(CCCCCCCCOC1=CC=C(/C([H])=C([H])/C2=CC=C(C=C2)OCCCCCCCC[N+](C)(CCN(C)C)C)C=C1)CCN(C)C,3,3.09745762711864,0.097457627118644,,0.032485875706215
46,C[N+](C)(CCOC1=CC(OCC[N+](C)(C)C)=CC(/C([H])=C([H])/C2=CC=C(C=C2)/C([H])=C([H])/C3=CC(OCC[N+](C)(C)C)=CC(OCC[N+](C)(C)C)=C3)=C1)C,7,6.52966101694915,-0.470338983050848,,-0.067191283292978
85,C[N+](C)(CCCCOC1=CC(OCCCC[N+](C)(CCCC(C)C)C)=CC(/C([H])=C([H])/C2=CC=C(C=C2)/C([H])=C([H])/C3=CC(OCCCC[N+](C)(CCCC(C)C)C)=CC(OCCCC[N+](C)(CCCC(C)C)C)=C3)=C1)CCCC(C)C,2,2.10169491525424,0.101694915254237,,0.050847457627119
27,C[N+](C)(CCCCOC1=CC=C(/C([H])=C([H])/C2=CC=C(/C([H])=C([H])/C3=CC=C(C=C3)OCCCC[N+](C)(C)C)C=C2)C=C1)C,5,5.30508474576271,0.305084745762712,,0.061016949152542
114,C[N+](C)(CCCCCCOC1=CC(/C([H])=C([H])/C2=CC=C(C=C2)OCCCCCC[N+](C)(C)C)=CC(OCCCCCC[N+](C)(C)C)=C1)C,7,5.95338983050848,-1.04661016949153,,-0.149515738498789
50,CCC(NCCCOC1=CC(OCCCNC(CC)CC)=CC(/C([H])=C([H])/C2=CC=C(C=C2)/C([H])=C([H])/C3=CC(OCCCNC(CC)CC)=CC(OCCCNC(CC)CC)=C3)=C1)CC,2,2.6271186440678,0.627118644067797,,0.313559322033898
86,CC(CC[N+](C)(CCCCOC1=CC(OCCCC[N+](C)(CCC(C)C)C)=CC(/C([H])=C([H])/C2=CC=C(C=C2)/C([H])=C([H])/C3=CC(OCCCC[N+](C)(CCC(C)C)C)=CC(OCCCC[N+](C)(CCC(C)C)C)=C3)=C1)C)C,2,2.11864406779661,0.11864406779661,,0.059322033898305
110,C[N+](C)(CCCCOC1=CC(/C([H])=C([H])/C2=CC=C(C=C2)OCCCC[N+](C)(CCCCCC)C)=CC(OCCCC[N+](C)(C)CCCCCC)=C1)CCCCCC,1,1.32627118644068,0.326271186440678,,0.326271186440678
55,C[N+](CCCC)(CCCOC1=CC(OCCC[N+](CCCC)(C)C)=CC(/C([H])=C([H])/C2=CC=C(C=C2)/C([H])=C([H])/C3=CC(OCCC[N+](CCCC)(C)C)=CC(OCCC[N+](CCCC)(C)C)=C3)=C1)C,2,2.51271186440678,0.51271186440678,,0.25635593220339
99,C[N+](C)(CCCCCCN(C1=CC=C(/C([H])=C([H])/C2=CC=C(/C([H])=C([H])/C3=CC=C(/C([H])=C([H])/C4=CC=C(C=C4)N(CCCCCC[N+](C)(C)C)CCCCCC[N+](C)(C)C)C=C3)C=C2)C=C1)CCCCCC[N+](C)(C)C)C,8,6.86864406779661,-1.13135593220339,,-0.141419491525424
16,C[N+](C)(CCCCCCCCOC1=CC=C(C=C1)/C([H])=C([H])/C2=CC=C(C=C2)OCCCCCCCC[N+](C)(C)C)C,2,2.90254237288136,0.902542372881356,,0.451271186440678
17,C[N+](C)(CCCCOC1=CC=C(/C([H])=C([H])/C2=CC=C(C=C2)OCCCC[N+](C)(CC[N+](C)(C)C)C)C=C1)CC[N+](C)(C)C,5,4.63983050847458,-0.360169491525424,,-0.072033898305085
8,C[N+](CCN(C)C)(C)CCCCCCCCOC(C=C1)=CC=C1/N=N/C2=CC=C(OCCCCCCCC[N+](C)(C)CCN(C)C)C=C2,2,2.40677966101695,0.406779661016949,,0.203389830508474
94,C[N+]1(CCCCOC2=CC(OCCCC[N+]3(CCCCC3)C)=CC(/C([H])=C([H])/C4=CC=C(C=C4)/C([H])=C([H])/C5=CC(OCCCC[N+]6(CCCCC6)C)=CC(OCCCC[N+]7(CCCCC7)C)=C5)=C2)CCCCC1,2,2.28813559322034,0.288135593220339,,0.14406779661017
25,C[N+](C)(CCCCCCCCOC1=CC=C(/C([H])=C([H])/C2=CC=C(C=C2)OCCCCCCCC[N+](C)(CC[N+](C)(C)C)C)C=C1)CC[N+](C)(C)C,5,4.00423728813559,-0.995762711864407,,-0.199152542372881
89,CCCC[N+](C)(CCCCOC1=CC(OCCCC[N+](C)(CCOCCOCCOCCOC)CCCC)=CC(/C([H])=C([H])/C2=CC=C(C=C2)/C([H])=C([H])/C3=CC(OCCCC[N+](C)(CCOCCOCCOCCOC)CCCC)=CC(OCCCC[N+](C)(CCOCCOCCOCCOC)CCCC)=C3)=C1)CCOCCOCCOCCOC,8,7.15677966101695,-0.843220338983051,,-0.105402542372881
127,[H]/C(C1=CC=C(C=C1)OCCCCCC[N+]2=CN(CC)C=C2)=C(C3=CC=C(C=C3)OCCCCCC[N+]4=CN(CC)C=C4)/[H],3,3.03813559322034,0.038135593220339,,0.01271186440678
45,C[N+](C)(CCCCCCOC1=CC(/C([H])=C([H])/C2=CC=C(/C([H])=C([H])/C3=CC(OCCCCCC[N+](C)(C)C)=C(C(OCCCCCC[N+](C)(C)C)=C3)OCCCCCC[N+](C)(C)C)C=C2)=CC(OCCCCCC[N+](C)(C)C)=C1OCCCCCC[N+](C)(C)C)C,3,3.63135593220339,0.63135593220339,,0.21045197740113
63,C[N+](CC)(CCCOC1=CC(OCCC[N+](CC)(C)C)=CC(/C([H])=C([H])/C2=CC=C(C=C2)/C([H])=C([H])/C3=CC(OCCC[N+](CC)(C)C)=CC(OCCC[N+](CC)(C)C)=C3)=C1)C,5,4.70762711864407,-0.292372881355933,,-0.058474576271187
82,NC(NCCCCOC1=CC(OCCCCNC(N)=N)=CC(/C([H])=C([H])/C2=CC=C(C=C2)/C([H])=C([H])/C3=CC(OCCCCNC(N)=N)=CC(OCCCCNC(N)=N)=C3)=C1)=N,5,4.6271186440678,-0.372881355932203,,-0.074576271186441
15,CCN(CC[N+](CC)(CCCCCCOC1=CC=C(C=C1)/C([H])=C([H])/C2=CC=C(C=C2)OCCCCCC[N+](CC)(CCN(CC)CC)CC)CC)CC,2,2.21186440677966,0.211864406779661,,0.10593220338983
91,C[N+](CCCCCC)(CCCCOC1=CC(OCCCC[N+](C)(CCOCCOCCOC)CCCCCC)=CC(/C([H])=C([H])/C2=CC=C(C=C2)/C([H])=C([H])/C3=CC(OCCCC[N+](C)(CCOCCOCCOC)CCCCCC)=CC(OCCCC[N+](C)(CCOCCOCCOC)CCCCCC)=C3)=C1)CCOCCOCCOC,4,4.76271186440678,0.762711864406779,,0.190677966101695
62,CCC[N+](C)(CCCOC1=CC(OCCC[N+](C)(CCC)CCC)=CC(/C([H])=C([H])/C2=CC=C(C=C2)/C([H])=C([H])/C3=CC(OCCC[N+](C)(CCC)CCC)=CC(OCCC[N+](C)(CCC)CCC)=C3)=C1)CCC,1,1.66101694915254,0.661016949152542,,0.661016949152542
28,C[N+](C)(CCCCCCOC1=CC=C(C=C1)/C([H])=C([H])/C2=CC=C(C=C2)/C([H])=C([H])/C3=CC=C(C=C3)OCCCCCC[N+](C)(C)C)C,5,4.47881355932203,-0.521186440677966,,-0.104237288135593
75,CCC[N+](CCC)(CCCOC1=CC(OCCC[N+](CCC)(CCC)CCC)=CC(/C([H])=C([H])/C2=CC=C(C=C2)/C([H])=C([H])/C3=CC(OCCC[N+](CCC)(CCC)CCC)=CC(OCCC[N+](CCC)(CCC)CCC)=C3)=C1)CCC,6,4.94915254237288,-1.05084745762712,,-0.175141242937853
3,CCN(C=C1)C=[N+]1CCCCCCCCOC(C=C2)=CC=C2/N=N/C3=CC=C(OCCCCCCCC[N+]4=CN(CC)C=C4)C=C3,0,0.889830508474576,0.889830508474576,,0
77,C[N+](C)(CCCCOC1=CC(OCCCC[N+](C)(CC[N+](C)(CCCCCC)C)C)=CC(/C([H])=C([H])/C2=CC=C(C=C2)/C([H])=C([H])/C3=CC(OCCCC[N+](C)(CC[N+](C)(CCCCCC)C)C)=CC(OCCCC[N+](C)(CC[N+](C)(CCCCCC)C)C)=C3)=C1)CC[N+](C)(CCCCCC)C,3,3.49576271186441,0.495762711864407,,0.165254237288136
29,C[N+](C)(CCCCOC1=CC=C(C=C1)/C([H])=C([H])/C2=CC=C(C=C2)/C([H])=C([H])/C3=CC=C(C=C3)OCCCC[N+](C)(CC[N+](C)(C)C)C)CC[N+](C)(C)C,4,3.90254237288136,-0.097457627118644,,-0.024364406779661
119,C[N+](CC(NCCCCCC)=O)(CCCOC1=CC(/C([H])=C([H])/C2=CC=C(/C([H])=C([H])/C3=CC(OCCC[N+](CC(NCCCCCC)=O)(C)C)=CC(OCCC[N+](CC(NCCCCCC)=O)(C)C)=C3)C=C2)=CC(OCCC[N+](CC(NCCCCCC)=O)(C)C)=C1)C,4,3.88983050847458,-0.110169491525424,,-0.027542372881356
106,C[N+](CCN(C)C)(C)CCCCCCOC(C=C1)=CC=C1/C([H])=C([H])/C2=CC=C(OCCCCCC[N+](C)(C)CCN(C)C)C=C2,3,3.06779661016949,0.067796610169491,,0.022598870056497
98,C[N+](C)(CCCCCCN(C1=CC=C(/C([H])=C([H])/C2=CC=C(/C([H])=C([H])/C3=CC=C(C=C3)N(CCCCCC[N+](C)(C)C)CCCCCC[N+](C)(C)C)C=C2)C=C1)CCCCCC[N+](C)(C)C)C,6,5.0635593220339,-0.936440677966102,,-0.156073446327684
80,CCCC[N+](C)(CCCCOC1=CC(OCCCC[N+](C)(CCCC)C)=CC(/C([H])=C([H])/C2=CC=C(C=C2)/C([H])=C([H])/C3=CC(OCCCC[N+](C)(CCCC)C)=CC(OCCCC[N+](C)(CCCC)C)=C3)=C1)C,2,2.11440677966102,0.114406779661017,,0.057203389830509
40,CC(CC[N+](C)(CCCCCCOC1=CC(/C([H])=C([H])/C2=CC(OCCCCCC[N+](C)(CCC(C)C)C)=CC(OCCCCCC[N+](C)(CCC(C)C)C)=C2)=CC(OCCCCCC[N+](C)(CCC(C)C)C)=C1)C)C,2,2.00423728813559,0.004237288135593,,0.002118644067797
124,CCCCCC[N+](C)(C)CCCCOC1=CC=C(/C([H])=C(C2=CC=C(C=C2)OCCCC[N+](C)(C)CCCCCC)\[H])C=C1,0,0.601694915254237,0.601694915254237,,0
59,C[N+](CCCC)(CCCOC1=CC(OCCC[N+](C)(CCCC)CCCC)=CC(/C([H])=C([H])/C2=CC=C(C=C2)/C([H])=C([H])/C3=CC(OCCC[N+](C)(CCCC)CCCC)=CC(OCCC[N+](C)(CCCC)CCCC)=C3)=C1)CCCC,3,2.82203389830508,-0.177966101694915,,-0.059322033898305
97,C[N+](C)(CCCCCCOC1=CC(OCCCCCC[N+](C)(C)C)=CC(/C([H])=C([H])/C2=CC=C(C=C2)/C([H])=C([H])/C3=CC=C(C=C3)/C([H])=C([H])/C4=CC(OCCCCCC[N+](C)(C)C)=CC(OCCCCCC[N+](C)(C)C)=C4)=C1)C,9,7.05932203389831,-1.94067796610169,,-0.21563088512241
125,CCCCCC[N+](C)(C)CCCCOC1=CC=C(/N=N/C2=CC=C(C=C2)OCCCC[N+](C)(C)CCCCCC)C=C1,1,1.10593220338983,0.10593220338983,,0.10593220338983
113,C[N+](C)(CCCCCCOC1=CC(/C([H])=C([H])/C2=CC=C(C=C2)OCCCCCC[N+](C)(C)CCCCCC)=CC(OCCCCCC[N+](C)(C)CCCCCC)=C1)CCCCCC,1,1.20762711864407,0.207627118644068,,0.207627118644068
38,CCCCCC[N+](C)(CCCCCCOC1=CC(/C([H])=C([H])/C2=CC(OCCCCCC[N+](C)(CCCCCC)C)=CC(OCCCCCC[N+](C)(CCCCCC)C)=C2)=CC(OCCCCCC[N+](C)(CCCCCC)C)=C1)C,2,2.04237288135593,0.042372881355932,,0.021186440677966
20,C[N+](C)(CCCCCCOC1=CC=C(/C([H])=C([H])/C2=CC=C(C=C2)OCCCCCC[N+](C)(CC[N+](C)(C)C)C)C=C1)CC[N+](C)(C)C,4,3.78389830508475,-0.216101694915254,,-0.054025423728814
129,C[N+](C=C1)=CC=C1/C([H])=C([H])/C2=CC=C(/C([H])=C([H])/C3=CC=C(C=C3)OCCCCCC[N+](C)(C)C)C=C2,6,5.9406779661017,-0.059322033898305,,-0.009887005649717
47,C[N+](CCCC)(CCOC1=CC(OCC[N+](CCCC)(C)C)=CC(/C([H])=C([H])/C2=CC=C(C=C2)/C([H])=C([H])/C3=CC(OCC[N+](CCCC)(C)C)=CC(OCC[N+](CCCC)(C)C)=C3)=C1)C,2,2.33050847457627,0.330508474576271,,0.165254237288136
92,C[N+](CCCCCC)(CCCCOC1=CC(OCCCC[N+](C)(CCOCCOCCOCCOC)CCCCCC)=CC(/C([H])=C([H])/C2=CC=C(C=C2)/C([H])=C([H])/C3=CC(OCCCC[N+](C)(CCOCCOCCOCCOC)CCCCCC)=CC(OCCCC[N+](C)(CCOCCOCCOCCOC)CCCCCC)=C3)=C1)CCOCCOCCOCCOC,6,5.93220338983051,-0.067796610169491,,-0.011299435028249
39,CC(CCC[N+](C)(CCCCCCOC1=CC(/C([H])=C([H])/C2=CC(OCCCCCC[N+](C)(CCCC(C)C)C)=CC(OCCCCCC[N+](C)(CCCC(C)C)C)=C2)=CC(OCCCCCC[N+](C)(CCCC(C)C)C)=C1)C)C,2,2.03813559322034,0.038135593220339,,0.01906779661017
111,C[N+](C)(CCCCOC1=CC(/C([H])=C([H])/C2=CC=C(C=C2)OCCCC[N+](C)(C)C)=CC(OCCCC[N+](C)(C)C)=C1)C,7,6.46610169491525,-0.533898305084746,,-0.076271186440678
68,[H]/C(C1=CC(OCCCN2CCNCC2)=CC(OCCCN3CCNCC3)=C1)=C([H])\C(C=C4)=CC=C4/C([H])=C([H])/C5=CC(OCCCN6CCNCC6)=CC(OCCCN7CCNCC7)=C5,3,3.53813559322034,0.538135593220339,,0.179378531073446
81,CC[N+](C)(CCCCOC1=CC(OCCCC[N+](C)(CC)C)=CC(/C([H])=C([H])/C2=CC=C(C=C2)/C([H])=C([H])/C3=CC(OCCCC[N+](C)(CC)C)=CC(OCCCC[N+](C)(CC)C)=C3)=C1)C,4,3.82203389830508,-0.177966101694915,,-0.044491525423729
44,C[N+](C)(CCCCCCOC1=CC(/C([H])=C([H])/C2=CC=C(/C([H])=C([H])/C3=CC=CC=C3)C=C2)=CC(OCCCCCC[N+](C)(C)C)=C1OCCCCCC[N+](C)(C)C)C,4,4.52966101694915,0.529661016949152,,0.132415254237288
53,CCCCN(CCCOC1=CC(OCCCN(CCCC)C)=CC(/C([H])=C([H])/C2=CC=C(C=C2)/C([H])=C([H])/C3=CC(OCCCN(CCCC)C)=CC(OCCCN(CCCC)C)=C3)=C1)C,4,3.52966101694915,-0.470338983050847,,-0.117584745762712
95,CCC[N+](C)(CCCCOC1=CC(OCCCC[N+](C)(CCC)C)=CC(/C([H])=C([H])/C2=CC=C(C=C2)/C([H])=C([H])/C3=CC(OCCCC[N+](C)(CCC)C)=CC(OCCCC[N+](C)(CCC)C)=C3)=C1)C,3,2.85169491525424,-0.148305084745763,,-0.049435028248588
109,CC[N]1=CC[N+](CCCCCCOC2=CC(OCCCCCC[N+]3=C[N](CC)=CC3)=CC(/C([H])=C([H])/C4=CC=C(C=C4)OCCCCCC[N+]5=CC=[N](C5)CC)=C2)=C1,1,1.56779661016949,0.567796610169492,,0.567796610169492
87,COCCOCC[N+](C)(CCCCOC1=CC(OCCCC[N+](C)(CCOCCOC)CCCC)=CC(/C([H])=C([H])/C2=CC=C(C=C2)/C([H])=C([H])/C3=CC(OCCCC[N+](C)(CCOCCOC)CCCC)=CC(OCCCC[N+](C)(CCOCCOC)CCCC)=C3)=C1)CCCC,5,5.18220338983051,0.182203389830509,,0.036440677966102
66,C[N+]1(CCCOC2=CC(OCCC[N+]3(CCOCC3)C)=CC(/C([H])=C([H])/C4=CC=C(C=C4)/C([H])=C([H])/C5=CC(OCCC[N+]6(CCOCC6)C)=CC(OCCC[N+]7(CCOCC7)C)=C5)=C2)CCOCC1,5,4.75423728813559,-0.245762711864407,,-0.049152542372881
118,C[N+](CC(NCCC)=O)(CCCOC1=CC(/C([H])=C([H])/C2=CC=C(/C([H])=C([H])/C3=CC(OCCC[N+](CC(NCCC)=O)(C)C)=CC(OCCC[N+](CC(NCCC)=O)(C)C)=C3)C=C2)=CC(OCCC[N+](CC(NCCC)=O)(C)C)=C1)C,1,2.54661016949153,1.54661016949153,,1.54661016949153
49,C[N+](CCCCCC)(CCOC1=CC(OCC[N+](CCCCCC)(C)C)=CC(/C([H])=C([H])/C2=CC=C(C=C2)/C([H])=C([H])/C3=CC(OCC[N+](CCCCCC)(C)C)=CC(OCC[N+](CCCCCC)(C)C)=C3)=C1)C,2,2.08898305084746,0.088983050847458,,0.044491525423729
107,C[N+](CCN(C)C)(C)CCCCCCCCOC(C=C1)=CC=C1/C([H])=C([H])/C2=CC=C(OCCCCCCCC[N+](C)(C)CCN(C)C)C=C2,3,2.93220338983051,-0.067796610169491,,-0.022598870056497
123,C[N+](C)(CCCCCCOC1=CC=C(/C([H])=C(C2=CC=C(C=C2)OCCCCCC[N+](C)(CCCCCC)C)\[H])C=C1)CCCCCC,1,1.38983050847458,0.389830508474576,,0.389830508474576
67,CCCN1C=C[N+](CCCOC2=CC(OCCC[N+]3=CN(C=C3)CCC)=CC(/C([H])=C([H])/C4=CC=C(C=C4)/C([H])=C([H])/C5=CC(OCCC[N+]6=CN(C=C6)CCC)=CC(OCCC[N+]7=CN(C=C7)CCC)=C5)=C2)=C1,1,1.89406779661017,0.89406779661017,,0.89406779661017
7,C[N+](CCN(C)C)(C)CCCCCCCOC(C=C1)=CC=C1/N=N/C2=CC=C(OCCCCCCC[N+](C)(C)CCN(C)C)C=C2,3,2.91949152542373,-0.080508474576271,,-0.02683615819209
24,C[N+](C)(CCCCCCOC1=CC=C(/C([H])=C([H])/C2=CC=C(C=C2)OCCCCCC[N+](C)(CCCCN(C)C)C)C=C1)CCCCN(C)C,2,2.36864406779661,0.36864406779661,,0.184322033898305
135,C[N+](CCCCCCCCOC1=CC=C(C=C1)/N=N/C2=CC=C(OCCCCCCCC[N+](CC[N+](C)(C)C)(C)C)C=C2)(CC[N+](C)(C)C)C,2,2.61016949152542,0.610169491525424,,0.305084745762712
60,CC[N+](C)(CCCOC1=CC(OCCC[N+](C)(CC)CC)=CC(/C([H])=C([H])/C2=CC=C(C=C2)/C([H])=C([H])/C3=CC(OCCC[N+](C)(CC)CC)=CC(OCCC[N+](C)(CC)CC)=C3)=C1)CC,3,3.57627118644068,0.576271186440678,,0.192090395480226
13,C[N+](C)(CCCCCCOC1=CC=C(/C([H])=C([H])/C2=CC=C(C=C2)OCCCCCC[N+](C)(C)C)C=C1)C,4,4.48728813559322,0.487288135593222,,0.121822033898305
116,CCCCNCCCOC1=CC(OCCCNCCCC)=CC(/C([H])=C([H])/C2=NC=C(/C([H])=C([H])/C3=CC(OCCCNCCCC)=CC(OCCCNCCCC)=C3)N=C2)=C1,3,2.73728813559322,-0.26271186440678,,-0.087570621468927
22,C[N+](C)(CCCCCCOC1=CC=C(/C([H])=C([H])/C2=CC=C(C=C2)OCCCCCC[N+](C)(CCCN(C)C)C)C=C1)CCCN(C)C,3,2.96186440677966,-0.038135593220339,,-0.01271186440678
30,C[N+](C)(CCCCOC1=CC=C(C=C1)/C([H])=C([H])/C2=CC=C(C=C2)/C([H])=C([H])/C3=CC=C(C=C3)OCCCC[N+](C)(CCN(C)C)C)CCN(C)C,3,3.35593220338983,0.35593220338983,,0.11864406779661
65,C[N+](CCCCCC)(CCCOC1=CC(OCCC[N+](CCCCCC)(C)C)=CC(/C([H])=C([H])/C2=CC=C(C=C2)/C([H])=C([H])/C3=CC(OCCC[N+](CCCCCC)(C)C)=CC(OCCC[N+](CCCCCC)(C)C)=C3)=C1)C,3,2.70762711864407,-0.292372881355932,,-0.097457627118644
4,CN(C=C1)C(C)=[N+]1CCCCCCCCOC(C=C2)=CC=C2/N=N/C3=CC=C(OCCCCCCCC[N+]4=C(C)N(C)C=C4)C=C3,1,1.32627118644068,0.326271186440678,,0.326271186440678
41,CCCCC[N+](C)(CCCCCCOC1=CC(/C([H])=C([H])/C2=CC(OCCCCCC[N+](C)(CCCCC)C)=CC(OCCCCCC[N+](C)(CCCCC)C)=C2)=CC(OCCCCCC[N+](C)(CCCCC)C)=C1)C,2,2.03389830508475,0.033898305084746,,0.016949152542373
14,C[NH2+]CCCCCCOC1=CC=C(C=C1)/C([H])=C([H])/C2=CC=C(C=C2)OCCCCCC[NH2+]C,9,7.45762711864407,-1.54237288135593,,-0.171374764595104
18,C[N+](C)(CCCCOC1=CC=C(/C([H])=C([H])/C2=CC=C(C=C2)OCCCC[N+](C)(CCN(C)C)C)C=C1)CCN(C)C,3,3.70762711864407,0.707627118644068,,0.235875706214689
108,CC[N]1=CC[N+](CCCCOC2=CC(OCCCC[N+]3=C[N](CC)=CC3)=CC(/C([H])=C([H])/C4=CC=C(C=C4)OCCCC[N+]5=CC=[N](C5)CC)=C2)=C1,7,6.27118644067797,-0.728813559322034,,-0.104116222760291
