,smiles,log2mic,pred_log2mic,error,predclass,relerror
71,C[N+](CCCO)(CCCOC1=CC(OCCC[N+](CCCO)(C)C)=CC(/C([H])=C([H])/C2=CC=C(C=C2)/C([H])=C([H])/C3=CC(OCCC[N+](CCCO)(C)C)=CC(OCCC[N+](CCCO)(C)C)=C3)=C1)C,7,4.91949152542373,-2.08050847457627,,-0.297215496368039
73,CCN(CC[N+](CC)(CCCOC1=CC(OCCC[N+](CC)(CC)CCN(CC)CC)=CC(/C([H])=C([H])/C2=CC=C(/C([H])=C([H])/C3=CC(OCCC[N+](CC)(CC)CCN(CC)CC)=CC(OCCC[N+](CC)(CC)CCN(CC)CC)=C3)C=C2)=C1)CC)CC,3,3.3771186440678,0.377118644067797,,0.125706214689266
100,C[N+](C)(C)CCCCCCCOC1=CC=C(/N=N/C2=CC=C(OCCCCCCC[N+](C)(C)C)C=C2)C=C1,2,3.9364406779661,1.9364406779661,,0.968220338983051
101,C[N+](C)(CCCCCCOC1=CC=C(/C([H])=C([H])/C2=CC=C(C=C2)OCCCCCC[N+](C)(CCO)C)C=C1)CCO,4,3.52966101694915,-0.470338983050847,,-0.117584745762712
121,C[N+](CCCCCC)(C)CCCCCCOC1=C(OCCCCCC[N+](C)(CCCCCC)C)C(OCCCCCC[N+](C)(C)CCCCCC)=CC(/C([H])=C([H])/C(C=C2)=CC=C2/C([H])=C([H])/C3=CC(OCCCCCC[N+](C)(C)CCCCCC)=C(OCCCCCC[N+](C)(C)CCCCCC)C(OCCCCCC[N+](C)(C)CCCCCC)=C3)=C1,2,3.51694915254237,1.51694915254237,,0.758474576271186
122,[H]/C(C1=CC=C(/C([H])=C([H])/C2=CC(OCCCCCC[N+]3=C(C)N(C=C3)C)=C(OCCCCCC[N+]4=C(C)N(C=C4)C)C(OCCCCCC[N+]5=C(C)N(C=C5)C)=C2)C=C1)=C([H])\C6=CC(OCCCCCC[N+]7=C(C)N(C=C7)C)=C(OCCCCCC[N+]8=C(C)N(C=C8)C)C(OCCCCCC[N+]9=C(C)N(C=C9)C)=C6,5,4.14406779661017,-0.85593220338983,,-0.171186440677966
131,CN1C=C[N+](CCCCCCOC(C=C2)=CC=C2/N=N/C(C=C3)=CC=C3OCCCCCC[N+]4=CN(C)C=C4)=C1,1,3.33474576271186,2.33474576271186,,2.33474576271186
132,CCN(C=C1)C=[N+]1CCCCCCOC2=CC=C(C=C2)/N=N/C3=CC=C(C=C3)OCCCCCC[N+]4=CN(C=C4)CC,0,3.08050847457627,3.08050847457627,,3
133,C[N+]1(CCCCCCOC2=CC=C(/N=N/C3=CC=C(OCCCCCC[N+]4(C)CCCC4)C=C3)C=C2)CCCC1,6,3.07627118644068,-2.92372881355932,,-0.48728813559322
134,C[N+](C)(C)CCCCCCCCOC1=CC=C(/N=N/C2=CC=C(C=C2)OCCCCCCCC[N+](C)(C)C)C=C1,2,3.19915254237288,1.19915254237288,,0.599576271186441
136,C[N+](CCCOC1=CC(/C([H])=C(C2=CC=C(C=C2)/C([H])=C(C3=CC(OCCC[N+](C)(C)CC(NC)=O)=CC(OCCC[N+](C)(C)CC(NC)=O)=C3)\[H])\[H])=CC(OCCC[N+](C)(C)CC(NC)=O)=C1)(C)CC(NC)=O,4,4.19067796610169,0.190677966101695,,0.047669491525424
137,N=C(CC)NCCCOC1=CC(OCCCNC(CC)=N)=CC(/C=C/C2=CC=C(/C=C/C3=CC(OCCCNC(CC)=N)=CC(OCCCNC(CC)=N)=C3)C=C2)=C1,0,3.63983050847458,3.63983050847458,,3
139,CCN1C=[N+](CCCCOC2=CC=C(C=C2)/C(CC)=C(CC)/C3=CC=C(C=C3)OCCCC[N+]4=CN(C=C4)CC)C=C1,1,3.47033898305085,2.47033898305085,,2.47033898305085
141,C[N+](CCCCCCOC1=CC(/C([H])=C(C2=CC=C(OCCCCCC[N+](C)(CC)C)C=C2)\[H])=CC(OCCCCCC[N+](C)(CC)C)=C1)(CC)C,7,3.83474576271186,-3.16525423728814,,-0.452179176755448
142,[H]/C(C1=CC(OCCCCCC[N+](CC)(CCCC)CC)=CC(OCCCCCC[N+](CC)(CCCC)CC)=C1)=C(C2=CC=C(OCCCCCC[N+](CC)(CCCC)CC)C=C2)/[H],6,1.8093220338983,-4.1906779661017,,-0.698446327683616
