,smiles,log2mic,pred_log2mic,error,predclass,relerror
1,C[NH2+]CCCCCCCCOC1=CC=C(/N=N/C2=CC=C(OCCCCCCCC[NH2+]C)C=C2)C=C1,9,3.26694915254237,-5.73305084745763,,-0.637005649717514
23,C[N+](C)(CCCCCCOC1=CC=C(/C([H])=C([H])/C2=CC=C(C=C2)OCCCCCC[N+](C)(CCC[S-](=O)(=O)=O)C)C=C1)CCCS(=O)([O-])=O,9,3.89830508474576,-5.10169491525424,,-0.566854990583804
42,C[N+]1(CCCCCCOC2=CC(/C([H])=C([H])/C3=CC(OCCCCCC[N+]4(CCCCC4)C)=CC(OCCCCCC[N+]5(CCCCC5)C)=C3)=CC(OCCCCCC[N+]6(CCCCC6)C)=C2)CCCCC1,7,2.70762711864407,-4.29237288135593,,-0.61319612590799
102,C[N+](C)(C)CCCCCCOC1=CC(/C([H])=C([H])/C(C=C2)=CC=C2/C([H])=C([H])/C3=CC=C(/C([H])=C([H])/C4=CC=C(/C([H])=C([H])/C5=CC=C(/C([H])=C([H])/C(C=C6OCCCCCC[N+](C)(C)C)=CC(OCCCCCC[N+](C)(C)C)=C6OCCCCCC[N+](C)(C)C)C=C5)C=C4)C=C3)=CC(OCCCCCC[N+](C)(C)C)=C1OCCCCCC[N+](C)(C)C.,10,5.6864406779661,-4.3135593220339,,-0.43135593220339
117,C[N+](CCCC)(CCCOC1=CC(/C([H])=C([H])/C2=NC=C(/C([H])=C([H])/C3=CC(OCCC[N+](CCCC)(C)C)=CC(OCCC[N+](CCCC)(C)C)=C3)N=C2)=CC(OCCC[N+](CCCC)(C)C)=C1)C,8,2.83474576271186,-5.16525423728814,,-0.645656779661017
