,smiles,log2mic
71,C[N+](CCCO)(CCCOC1=CC(OCCC[N+](CCCO)(C)C)=CC(/C([H])=C([H])/C2=CC=C(C=C2)/C([H])=C([H])/C3=CC(OCCC[N+](CCCO)(C)C)=CC(OCCC[N+](CCCO)(C)C)=C3)=C1)C,7.0
73,CCN(CC[N+](CC)(CCCOC1=CC(OCCC[N+](CC)(CC)CCN(CC)CC)=CC(/C([H])=C([H])/C2=CC=C(/C([H])=C([H])/C3=CC(OCCC[N+](CC)(CC)CCN(CC)CC)=CC(OCCC[N+](CC)(CC)CCN(CC)CC)=C3)C=C2)=C1)CC)CC,3.0
100,C[N+](C)(C)CCCCCCCOC1=CC=C(/N=N/C2=CC=C(OCCCCCCC[N+](C)(C)C)C=C2)C=C1,2.0
101,C[N+](C)(CCCCCCOC1=CC=C(/C([H])=C([H])/C2=CC=C(C=C2)OCCCCCC[N+](C)(CCO)C)C=C1)CCO,4.0
121,C[N+](CCCCCC)(C)CCCCCCOC1=C(OCCCCCC[N+](C)(CCCCCC)C)C(OCCCCCC[N+](C)(C)CCCCCC)=CC(/C([H])=C([H])/C(C=C2)=CC=C2/C([H])=C([H])/C3=CC(OCCCCCC[N+](C)(C)CCCCCC)=C(OCCCCCC[N+](C)(C)CCCCCC)C(OCCCCCC[N+](C)(C)CCCCCC)=C3)=C1,2.0
122,[H]/C(C1=CC=C(/C([H])=C([H])/C2=CC(OCCCCCC[N+]3=C(C)N(C=C3)C)=C(OCCCCCC[N+]4=C(C)N(C=C4)C)C(OCCCCCC[N+]5=C(C)N(C=C5)C)=C2)C=C1)=C([H])\C6=CC(OCCCCCC[N+]7=C(C)N(C=C7)C)=C(OCCCCCC[N+]8=C(C)N(C=C8)C)C(OCCCCCC[N+]9=C(C)N(C=C9)C)=C6,5.0
131,CN1C=C[N+](CCCCCCOC(C=C2)=CC=C2/N=N/C(C=C3)=CC=C3OCCCCCC[N+]4=CN(C)C=C4)=C1,1.0
132,CCN(C=C1)C=[N+]1CCCCCCOC2=CC=C(C=C2)/N=N/C3=CC=C(C=C3)OCCCCCC[N+]4=CN(C=C4)CC,0.0
133,C[N+]1(CCCCCCOC2=CC=C(/N=N/C3=CC=C(OCCCCCC[N+]4(C)CCCC4)C=C3)C=C2)CCCC1,6.0
134,C[N+](C)(C)CCCCCCCCOC1=CC=C(/N=N/C2=CC=C(C=C2)OCCCCCCCC[N+](C)(C)C)C=C1,2.0
136,C[N+](CCCOC1=CC(/C([H])=C(C2=CC=C(C=C2)/C([H])=C(C3=CC(OCCC[N+](C)(C)CC(NC)=O)=CC(OCCC[N+](C)(C)CC(NC)=O)=C3)\[H])\[H])=CC(OCCC[N+](C)(C)CC(NC)=O)=C1)(C)CC(NC)=O,4.0
137,N=C(CC)NCCCOC1=CC(OCCCNC(CC)=N)=CC(/C=C/C2=CC=C(/C=C/C3=CC(OCCCNC(CC)=N)=CC(OCCCNC(CC)=N)=C3)C=C2)=C1,0.0
139,CCN1C=[N+](CCCCOC2=CC=C(C=C2)/C(CC)=C(CC)/C3=CC=C(C=C3)OCCCC[N+]4=CN(C=C4)CC)C=C1,1.0
141,C[N+](CCCCCCOC1=CC(/C([H])=C(C2=CC=C(OCCCCCC[N+](C)(CC)C)C=C2)\[H])=CC(OCCCCCC[N+](C)(CC)C)=C1)(CC)C,7.0
142,[H]/C(C1=CC(OCCCCCC[N+](CC)(CCCC)CC)=CC(OCCCCCC[N+](CC)(CCCC)CC)=C1)=C(C2=CC=C(OCCCCCC[N+](CC)(CCCC)CC)C=C2)/[H],6.0
