,smiles,log2mic
1,C[NH2+]CCCCCCCCOC1=CC=C(/N=N/C2=CC=C(OCCCCCCCC[NH2+]C)C=C2)C=C1,9.0
23,C[N+](C)(CCCCCCOC1=CC=C(/C([H])=C([H])/C2=CC=C(C=C2)OCCCCCC[N+](C)(CCC[S-](=O)(=O)=O)C)C=C1)CCCS(=O)([O-])=O,9.0
42,C[N+]1(CCCCCCOC2=CC(/C([H])=C([H])/C3=CC(OCCCCCC[N+]4(CCCCC4)C)=CC(OCCCCCC[N+]5(CCCCC5)C)=C3)=CC(OCCCCCC[N+]6(CCCCC6)C)=C2)CCCCC1,7.0
67,CCCN1C=C[N+](CCCOC2=CC(OCCC[N+]3=CN(C=C3)CCC)=CC(/C([H])=C([H])/C4=CC=C(C=C4)/C([H])=C([H])/C5=CC(OCCC[N+]6=CN(C=C6)CCC)=CC(OCCC[N+]7=CN(C=C7)CCC)=C5)=C2)=C1,1.0
102,C[N+](C)(C)CCCCCCOC1=CC(/C([H])=C([H])/C(C=C2)=CC=C2/C([H])=C([H])/C3=CC=C(/C([H])=C([H])/C4=CC=C(/C([H])=C([H])/C5=CC=C(/C([H])=C([H])/C(C=C6OCCCCCC[N+](C)(C)C)=CC(OCCCCCC[N+](C)(C)C)=C6OCCCCCC[N+](C)(C)C)C=C5)C=C4)C=C3)=CC(OCCCCCC[N+](C)(C)C)=C1OCCCCCC[N+](C)(C)C.,10.0
117,C[N+](CCCC)(CCCOC1=CC(/C([H])=C([H])/C2=NC=C(/C([H])=C([H])/C3=CC(OCCC[N+](CCCC)(C)C)=CC(OCCC[N+](CCCC)(C)C)=C3)N=C2)=CC(OCCC[N+](CCCC)(C)C)=C1)C,8.0
